dataset_id,scenario,n_clusters,cluster_sizes,contraction_factor,overlap_ratio,pairwise_overlap_ratios,full_pairwise_overlap,overlap_graph_connected,silhouette_score,davies_bouldin_index,minimum_gamma_eigenvalue,maximum_spd_shift
params_K1_homogeneous,homogeneous,1,10,1.0,,{},,,,,1.0000000000999991,0.17274030220512093
params_K2_separated,separated,2,5/5,1.0,0.13181333815194438,"{""0-1"": 0.13181333815194438}",False,False,0.9314886981687455,0.09726193565312181,1.0000000000999996,0.1777598142382808
params_K2_overlapping,overlapping,2,5/5,0.08,1.1745003971012118,"{""0-1"": 1.1745003971012118}",True,True,0.40138590445882255,0.9006343766809419,1.8501257242259836,0.0
params_K3_separated,separated,3,4/3/3,1.0,0.13019045320919828,"{""0-1"": 0.10865999356676559, ""0-2"": 0.13019045320919828, ""1-2"": 0.12548076088263266}",False,False,0.9231822022321386,0.1136669041214808,1.0000000000999987,0.03420590978897874
params_K3_overlapping,overlapping,3,4/3/3,0.08,1.8099635909116791,"{""0-1"": 1.231117797600119, ""0-2"": 1.628764822315515, ""1-2"": 1.8099635909116791}",True,True,0.37578406701216394,1.3984654394550826,2.035298234555745,0.0
